id,question
0,What is the maximum coverage amount for Dwelling Protection included in my policy?
0,Can you clarify what Other Structures Protection covers under my plan?
0,"How does Personal Property Protection work, and are there any specific items excluded from it?"
0,Are there additional coverages or endorsements available that I can add to my policy for increased protection?
0,"What process do I follow if I need to file a claim for damage to my property, and how long does it typically take to receive compensation?"
1,What specific protective devices can qualify me for discounts on my property insurance policy?
1,Can you explain how my claim history impacts my eligibility for discounts on this policy?
1,What documentation do I need to provide to confirm my status as a first-time home buyer in order to receive any applicable discounts?
1,Are there any seasonal or geographical factors that affect the discounts I can receive on my property insurance?
1,How frequently should I review my policy with my Allstate Agent to ensure I am still receiving all eligible discounts?
2,What specific actions do I need to take immediately after experiencing a loss covered by my property insurance?
2,How do I properly document the damaged or stolen property when filing a claim?
2,Is there a specific time frame within which I need to notify Allstate or my agent after a loss occurs?
2,What types of documentation would be considered necessary to support my claim for damages?
2,"What steps does Allstate take to assess the damage after I file a claim, and how long does this process typically take?"
3,"What specific coverage options are included in my house and home insurance policy, and are there any exclusions I should be aware of?"
3,Can you explain how my premiums are calculated and if there are any discounts available for policyholders?
3,"What steps should I take in the event of a claim, and how long does it typically take to process a claim?"
3,Are there any additional endorsements or riders that I can add to my policy for enhanced protection?
3,"How does the renewal process work, and will I be notified of any changes in my premium or coverage at renewal time?"
4,"What methods can I use to access my property insurance documents, and are there any specific steps I need to follow for each method?"
4,"If I create an account at myaccount.allstate.com, what specific features or services will I be able to access related to my policy?"
4,"Is there a cost associated with requesting a mailed copy of my policy documents from Allstate, and how long does it typically take to receive them?"
4,"Can I access my policy documents online at any time, or are there certain hours when the website is down for maintenance?"
4,"If I have trouble accessing my documents online, what troubleshooting steps should I take before contacting customer support?"
